timestamp,true_row,true_col,app_row,app_col,mac_address,device_name,rssi_mean,rssi_median,rssi_variance,sample_count,tx_power,scan_duration_seconds,notes
2026-09-23T12:10:04.298204,19,9,0,0,E9:78:EA:F0:85:20,Unknown,-38,-38.0,0.0,1,,3.0,
2026-09-23T12:10:04.298204,19,9,0,0,46:98:EE:E1:92:6C,Unknown,-42,-42.0,0,2,0,3.0,
2026-09-23T12:10:04.298204,19,9,0,0,A8:E6:E8:ED:A3:AA,WH-CH720N,-44,-44.0,0.0,1,,3.0,
2026-09-23T12:10:04.298204,19,9,0,0,C9:7C:E5:7F:34:56,Unknown,-52,-52.0,0.0,1,-12,3.0,
2026-09-23T12:10:04.298204,19,9,0,0,FC:4D:8C:8B:06:54,Unknown,-54,-54.0,0.0,1,,3.0,
2026-09-23T12:10:04.298204,19,9,0,0,43:10:36:A1:80:17,Unknown,-57,-57.0,18,2,12,3.0,
2026-09-23T12:10:04.298204,19,9,0,0,43:6A:DA:F1:4E:7E,Unknown,-61,-60.0,46.67,4,12,3.0,
2026-09-23T12:10:04.298204,19,9,0,0,FE:59:7C:85:E6:7C,Unknown,-64,-64.0,0.0,1,,3.0,
2026-09-23T12:10:04.298204,19,9,0,0,57:B0:EF:2F:37:73,CMF Buds 2a,-65,-65.0,50,2,-9,3.0,
2026-09-23T12:10:04.298204,19,9,0,0,11:0F:56:AA:20:D2,Unknown,-65.33,-64.0,5.33,3,,3.0,
2026-09-23T12:10:04.298204,19,9,0,0,61:DB:B7:93:A3:DD,Unknown,-66.57,-66.0,8.95,7,-2,3.0,
2026-09-23T12:10:04.298204,19,9,0,0,AC:23:3F:50:45:FB,Unknown,-68,-68.0,13.33,4,,3.0,
2026-09-23T12:10:04.298204,19,9,0,0,7B:ED:86:62:8B:40,Unknown,-74,-74.0,0.0,1,,3.0,
2026-09-23T12:10:04.298204,19,9,0,0,6B:BE:4F:DF:95:94,JBL WAVE BEAM-LE,-76.67,-76.0,9.33,3,-9,3.0,
2026-09-23T12:10:04.298204,19,9,0,0,4C:85:BB:AD:10:36,Unknown,-77,-77.0,50,2,17,3.0,
2026-09-23T12:10:04.298204,19,9,0,0,30:80:E7:92:0B:E5,Unknown,-79,-79.0,22.67,4,,3.0,
2026-09-23T12:10:04.298204,19,9,0,0,DF:29:5E:0F:31:1A,Unknown,-80,-80.0,0.0,1,,3.0,
2026-09-23T12:10:04.298204,19,9,0,0,20:16:42:3B:3A:53,Unknown,-83.64,-84.0,4.65,11,,3.0,
2026-09-23T12:10:04.298204,19,9,0,0,64:7B:CF:E5:DF:EC,Unknown,-84,-84.0,4,3,12,3.0,
2026-09-23T12:10:04.298204,19,9,0,0,56:EE:FA:F3:2F:0E,Unknown,-84,-84.0,0.0,1,3,3.0,
2026-09-23T12:10:04.298204,19,9,0,0,78:68:FE:28:59:89,realme Buds Air7 Pro,-84,-84.0,0.0,1,-11,3.0,
2026-09-23T12:10:04.298204,19,9,0,0,DE:69:1F:1B:17:52,Unknown,-84,-84.0,0.0,1,,3.0,
2026-09-23T12:10:04.298204,19,9,0,0,20:16:42:3B:82:E5,Unknown,-84.18,-84.0,9.16,11,,3.0,
2026-09-23T12:10:04.298204,19,9,0,0,0D:37:5F:B2:04:C2,Unknown,-84.67,-84.0,49.33,3,,3.0,
2026-09-23T12:10:04.298204,19,9,0,0,72:06:4C:F8:E1:E3,Unknown,-86,-86.0,4,3,,3.0,
2026-09-23T12:10:04.298204,19,9,0,0,72:B0:2B:AF:B4:98,Unknown,-86,-86.0,8,2,12,3.0,
2026-09-23T12:10:04.298204,19,9,0,0,F1:C7:20:3D:4B:57,Unknown,-86,-86.0,0.0,1,,3.0,
2026-09-23T12:10:04.298204,19,9,0,0,61:55:11:15:F9:20,Unknown,-86,-86.0,0.0,1,0,3.0,
2026-09-23T12:10:04.298204,19,9,0,0,33:62:34:4E:E3:74,Unknown,-86,-86.0,8,2,,3.0,
2026-09-23T12:10:04.298204,19,9,0,0,27:3B:A3:61:C1:7A,Unknown,-87,-86.0,4,4,,3.0,
2026-09-23T12:10:04.298204,19,9,0,0,46:9A:EC:F2:93:F7,Unknown,-88,-88.0,0.0,1,,3.0,
2026-09-23T12:10:04.298204,19,9,0,0,79:EE:1D:ED:BF:A5,Unknown,-88,-88.0,0.0,1,,3.0,
2026-09-23T12:10:04.298204,19,9,0,0,ED:16:8F:3E:54:EF,Unknown,-89,-89.0,2,2,,3.0,
2026-09-23T12:10:04.298204,19,9,0,0,5A:DE:1F:67:CD:38,DONES,-89,-89.0,2,2,,3.0,
2026-09-23T12:10:04.298204,19,9,0,0,4F:A3:3C:AE:2B:96,Unknown,-89.5,-90.0,1,4,,3.0,
2026-09-23T12:10:04.298204,19,9,0,0,6B:D3:41:33:2D:57,Unknown,-89.5,-91.0,14.33,4,12,3.0,
2026-09-23T12:10:04.298204,19,9,0,0,4A:E4:28:37:F1:1F,TYLSÄ-FUKSILÄPP,-90,-90.0,34.67,4,,3.0,
2026-09-23T12:10:04.298204,19,9,0,0,7C:8E:78:1D:8E:2A,Unknown,-90,-90.0,8,2,12,3.0,
2026-09-23T12:10:04.298204,19,9,0,0,4E:89:70:FB:D4:60,Unknown,-90,-90.0,8,2,12,3.0,
2026-09-23T12:10:04.298204,19,9,0,0,D7:D9:A9:19:E1:A1,Unknown,-90,-90.0,0.0,1,,3.0,
2026-09-23T12:10:04.298204,19,9,0,0,1A:8E:8B:66:71:25,Unknown,-90,-90.0,0,2,,3.0,
2026-09-23T12:10:04.298204,19,9,0,0,4B:5E:AF:8E:A9:5C,Unknown,-90,-90.0,0.0,1,,3.0,
2026-09-23T12:10:04.298204,19,9,0,0,61:DC:C1:5D:E8:16,JUPU-YOGA9,-90.67,-90.0,25.33,3,,3.0,
2026-09-23T12:10:04.298204,19,9,0,0,50:A6:C8:3A:FF:96,Unknown,-90.67,-90.0,9.33,3,,3.0,
2026-09-23T12:10:04.298204,19,9,0,0,57:CD:81:F7:CB:34,Unknown,-91,-91.0,6.67,4,,3.0,
2026-09-23T12:10:04.298204,19,9,0,0,7B:78:30:9A:A9:31,Unknown,-91,-91.0,2,2,,3.0,
2026-09-23T12:10:04.298204,19,9,0,0,39:39:86:3B:F4:C7,Unknown,-91,-88.0,50.29,8,,3.0,
2026-09-23T12:10:04.298204,19,9,0,0,1F:D5:87:EF:01:37,Unknown,-91.33,-90.0,5.87,6,,3.0,
2026-09-23T12:10:04.298204,19,9,0,0,2D:B3:07:B8:10:90,Unknown,-91.33,-92.0,9.33,3,,3.0,
2026-09-23T12:10:04.298204,19,9,0,0,07:5A:1A:B9:ED:54,Unknown,-92,-92.0,12,7,,3.0,
2026-09-23T12:10:04.298204,19,9,0,0,63:CE:F8:20:69:DD,Unknown,-92,-92.0,4,3,,3.0,
2026-09-23T12:10:04.298204,19,9,0,0,04:E2:56:D7:93:E2,Unknown,-92,-91.0,8,4,,3.0,
2026-09-23T12:10:04.298204,19,9,0,0,00:B7:B9:6E:89:1D,Unknown,-92,-92.0,4,3,,3.0,
2026-09-23T12:10:04.298204,19,9,0,0,DD:18:4D:10:DD:18,Unknown,-92,-92.0,0.0,1,,3.0,
2026-09-23T12:10:04.298204,19,9,0,0,EC:8D:25:F3:E3:BC,Unknown,-92,-92.0,0.0,1,,3.0,
2026-09-23T12:10:04.298204,19,9,0,0,AC:23:3F:50:45:F6,Unknown,-92,-92.0,0.0,1,,3.0,
2026-09-23T12:10:04.298204,19,9,0,0,56:10:19:8D:3C:FC,Unknown,-92,-92.0,32,2,12,3.0,
2026-09-23T12:10:04.298204,19,9,0,0,65:05:71:45:2E:78,Unknown,-92,-92.0,0.0,1,7,3.0,
2026-09-23T12:10:04.298204,19,9,0,0,5B:0D:98:FB:F0:B8,Unknown,-92,-92.0,0.0,1,12,3.0,
2026-09-23T12:10:04.298204,19,9,0,0,10:DA:42:AA:7D:E4,Unknown,-92,-92.0,0.0,1,,3.0,
2026-09-23T12:10:04.298204,19,9,0,0,AC:23:3F:50:45:FD,Unknown,-92,-92.0,0.0,1,,3.0,
2026-09-23T12:10:04.298204,19,9,0,0,88:B7:EB:4E:5F:52,Unknown,-92.57,-92.0,6.42,14,,3.0,
2026-09-23T12:10:04.298204,19,9,0,0,2B:DA:B4:C2:1D:3A,Unknown,-93,-93.0,18,2,,3.0,
2026-09-23T12:10:04.298204,19,9,0,0,12:B2:1E:30:08:0D,Unknown,-93.2,-92.0,17.2,5,,3.0,
2026-09-23T12:10:04.298204,19,9,0,0,68:1B:D7:96:2B:2D,LAPTOP-J8I3MTES,-93.67,-91.0,53.47,6,,3.0,
2026-09-23T12:10:04.298204,19,9,0,0,48:F9:78:0E:DF:CB,Unknown,-93.75,-94.0,19.93,8,,3.0,
2026-09-23T12:10:04.298204,19,9,0,0,72:73:A1:C6:8B:0C,Unknown,-94,-95.0,8,4,12,3.0,
2026-09-23T12:10:04.298204,19,9,0,0,CD:B7:98:20:A7:B4,Unknown,-94,-94.0,0.0,1,,3.0,
2026-09-23T12:10:04.298204,19,9,0,0,64:DF:A4:2C:AF:18,Unknown,-94.67,-94.0,1.33,3,12,3.0,
2026-09-23T12:10:04.298204,19,9,0,0,28:79:7F:4F:F3:3D,Unknown,-94.67,-96.0,24,9,,3.0,
2026-09-23T12:10:04.298204,19,9,0,0,4C:BF:B9:BE:B2:03,Unknown,-94.8,-94.0,17.2,5,,3.0,
2026-09-23T12:10:04.298204,19,9,0,0,71:BD:19:CE:55:CF,Unknown,-95,-95.0,50,2,,3.0,
2026-09-23T12:10:04.298204,19,9,0,0,7C:28:D1:29:EF:8B,Unknown,-95,-95.0,50,2,0,3.0,
2026-09-23T12:10:04.298204,19,9,0,0,4D:1A:2E:20:59:92,Unknown,-95,-95.0,2,2,12,3.0,
2026-09-23T12:10:04.298204,19,9,0,0,AC:23:3F:50:45:F7,Unknown,-95,-95.0,2,2,,3.0,
2026-09-23T12:10:04.298204,19,9,0,0,77:75:FD:EF:74:96,Unknown,-95.07,-94.0,17.07,15,,3.0,
2026-09-23T12:10:04.298204,19,9,0,0,41:AA:AF:6A:76:32,Unknown,-95.33,-95.0,7.47,6,,3.0,
2026-09-23T12:10:04.298204,19,9,0,0,67:F0:D4:48:19:58,PAAVO-KANDIKONE,-95.5,-95.0,20.29,8,,3.0,
2026-09-23T12:10:04.298204,19,9,0,0,AC:23:3F:50:46:43,Unknown,-95.5,-95.0,11.67,4,,3.0,
2026-09-23T12:10:04.298204,19,9,0,0,E4:15:F6:61:6F:A9,Cidron,-95.56,-96.0,7.78,9,0,3.0,
2026-09-23T12:10:04.298204,19,9,0,0,0D:3C:24:0A:F5:4F,Unknown,-96,-96.0,0.0,1,,3.0,
2026-09-23T12:10:04.298204,19,9,0,0,75:9A:EE:06:D8:BF,Unknown,-96,-96.0,0,2,12,3.0,
2026-09-23T12:10:04.298204,19,9,0,0,7D:33:69:97:09:3B,Unknown,-96,-96.0,0.0,1,17,3.0,
2026-09-23T12:10:04.298204,19,9,0,0,67:63:85:07:9B:4A,Unknown,-96,-96.0,0,2,,3.0,
2026-09-23T12:10:04.298204,19,9,0,0,E1:F2:41:63:00:35,Unknown,-96,-96.0,0.0,1,,3.0,
2026-09-23T12:10:04.298204,19,9,0,0,AC:23:3F:50:46:79,Unknown,-96,-96.0,0,2,,3.0,
2026-09-23T12:10:04.298204,19,9,0,0,EC:7F:EA:FE:F6:DC,Unknown,-96,-96.0,0.0,1,,3.0,
2026-09-23T12:10:04.298204,19,9,0,0,AC:23:3F:50:46:AA,Unknown,-96,-96.0,8,2,,3.0,
2026-09-23T12:10:04.298204,19,9,0,0,74:D1:9C:0A:61:AF,Unknown,-96.75,-96.0,21.64,8,,3.0,
2026-09-23T12:10:04.298204,19,9,0,0,52:0C:45:82:79:30,Unknown,-97,-97.0,2,2,0,3.0,
2026-09-23T12:10:04.298204,19,9,0,0,75:D7:8A:A6:EA:1D,Unknown,-97,-97.0,2,2,0,3.0,
2026-09-23T12:10:04.298204,19,9,0,0,76:EB:F2:72:C9:D2,Unknown,-97,-97.0,98,2,12,3.0,
2026-09-23T12:10:04.298204,19,9,0,0,5F:A2:3A:6B:4E:AE,Unknown,-97,-97.0,2,2,12,3.0,
2026-09-23T12:10:04.298204,19,9,0,0,E4:15:F6:61:D4:BC,Cidron,-97.2,-96.0,3.2,5,0,3.0,
2026-09-23T12:10:04.298204,19,9,0,0,7E:86:CB:21:88:B8,Unknown,-98,-98.0,0.0,1,0,3.0,
2026-09-23T12:10:04.298204,19,9,0,0,4D:7C:1F:93:1A:56,Unknown,-98,-98.0,18.29,8,,3.0,
2026-09-23T12:10:04.298204,19,9,0,0,6F:BD:7C:9D:52:DC,Unknown,-98,-98.0,8,2,12,3.0,
2026-09-23T12:10:04.298204,19,9,0,0,F9:1F:65:51:9A:5C,Unknown,-98,-98.0,0.0,1,,3.0,
2026-09-23T12:10:04.298204,19,9,0,0,5E:15:F3:3D:06:46,Unknown,-98,-98.0,0.0,1,8,3.0,
2026-09-23T12:10:04.298204,19,9,0,0,C3:C7:DA:7A:E7:C7,Unknown,-98,-98.0,0.0,1,,3.0,
2026-09-23T12:10:04.298204,19,9,0,0,79:35:A0:7C:21:75,Unknown,-98,-98.0,0.0,1,,3.0,
2026-09-23T12:10:04.298204,19,9,0,0,AC:23:3F:50:45:FA,Unknown,-98,-98.0,0.0,1,,3.0,
2026-09-23T12:10:04.298204,19,9,0,0,5B:F6:6A:5F:CC:F6,Unknown,-99,-99.0,2,2,,3.0,
2026-09-23T12:10:04.298204,19,9,0,0,58:85:B1:7C:31:99,Unknown,-99,-99.0,18,2,12,3.0,
2026-09-23T12:10:04.298204,19,9,0,0,47:8E:56:B0:30:B0,Unknown,-99.33,-98.0,5.33,3,12,3.0,
2026-09-23T12:10:04.298204,19,9,0,0,A4:AC:0F:F8:58:56,Unknown,-100,-101.0,8,4,,3.0,
2026-09-23T12:10:04.298204,19,9,0,0,0C:8C:DC:E8:D6:E9,Unknown,-100,-100.0,0,2,,3.0,
2026-09-23T12:10:04.298204,19,9,0,0,5D:12:11:83:0B:5B,Unknown,-100,-100.0,0.0,1,,3.0,
2026-09-23T12:10:04.298204,19,9,0,0,66:DC:7C:F0:B1:14,Unknown,-100,-100.0,0.0,1,12,3.0,
2026-09-23T12:10:04.298204,19,9,0,0,7E:11:8B:94:40:D3,Unknown,-100,-100.0,0.0,1,,3.0,
2026-09-23T12:10:04.298204,19,9,0,0,E4:15:F6:61:D4:C5,Unknown,-100,-100.0,0.0,1,,3.0,
2026-09-23T12:10:04.298204,19,9,0,0,AC:23:3F:50:46:0E,Unknown,-100,-100.0,0.0,1,,3.0,
2026-09-23T12:10:04.298204,19,9,0,0,74:43:4B:08:15:F8,Unknown,-100,-100.0,0.0,1,0,3.0,
2026-09-23T12:10:04.298204,19,9,0,0,E4:26:D2:46:A4:A0,Unknown,-100,-100.0,0.0,1,,3.0,
2026-09-23T12:10:04.298204,19,9,0,0,3A:F4:88:62:BC:D8,Unknown,-100,-100.0,0.0,1,,3.0,
2026-09-23T12:10:04.298204,19,9,0,0,45:7C:5E:79:81:68,Unknown,-100,-100.0,8,2,,3.0,
2026-09-23T12:10:04.298204,19,9,0,0,E4:15:F6:61:E2:E2,Unknown,-100,-100.0,0,2,,3.0,
2026-09-23T12:10:04.298204,19,9,0,0,50:E7:BB:C6:2C:E0,Unknown,-100,-100.0,0.0,1,,3.0,
2026-09-23T12:10:04.298204,19,9,0,0,D7:80:50:A7:DD:83,Unknown,-100,-100.0,0.0,1,,3.0,
2026-09-23T12:10:04.298204,19,9,0,0,5C:A0:40:62:29:16,LE_WH-1000XM5,-100.67,-100.0,9.07,6,-16,3.0,
2026-09-23T12:10:04.298204,19,9,0,0,18:98:CB:5E:78:90,Unknown,-101,-101.0,6.67,4,,3.0,
2026-09-23T12:10:04.298204,19,9,0,0,AC:23:3F:50:46:40,Unknown,-101.33,-102.0,9.33,3,,3.0,
2026-09-23T12:10:04.298204,19,9,0,0,E4:15:F6:61:D4:66,Cidron,-102,-102.0,11.2,6,0,3.0,
2026-09-23T12:10:04.298204,19,9,0,0,6C:C8:94:0B:F2:E8,Unknown,-102,-102.0,0.0,1,7,3.0,
2026-09-23T12:10:04.298204,19,9,0,0,51:8C:D8:13:23:BA,Unknown,-102,-102.0,0,2,12,3.0,
2026-09-23T12:10:04.298204,19,9,0,0,58:E0:59:52:00:08,Unknown,-102,-102.0,0.0,1,,3.0,
2026-09-23T12:10:04.298204,19,9,0,0,7A:48:58:87:7F:34,Unknown,-102,-102.0,0.0,1,12,3.0,
2026-09-23T12:10:04.298204,19,9,0,0,54:CA:C7:F3:63:C7,Unknown,-102,-102.0,32,2,,3.0,
2026-09-23T12:10:04.298204,19,9,0,0,54:0A:DD:16:42:65,Unknown,-102,-102.0,0.0,1,,3.0,
2026-09-23T12:10:04.298204,19,9,0,0,CC:BC:74:75:97:54,Unknown,-102,-102.0,0.0,1,,3.0,
2026-09-23T12:10:04.298204,19,9,0,0,EB:D1:4E:BD:0D:86,Unknown,-102,-102.0,0.0,1,,3.0,
2026-09-23T12:10:04.298204,19,9,0,0,0E:50:9A:6B:AB:9D,Unknown,-102,-102.0,0.0,1,,3.0,
2026-09-23T12:10:04.298204,19,9,0,0,6D:4C:68:B2:FE:4B,Unknown,-102,-102.0,0.0,1,8,3.0,
2026-09-23T12:10:04.298204,19,9,0,0,6F:F8:91:3B:45:C8,Unknown,-102,-102.0,8,2,,3.0,
2026-09-23T12:10:04.298204,19,9,0,0,6C:D6:F2:B3:4C:92,Unknown,-102,-102.0,0.0,1,12,3.0,
2026-09-23T12:10:04.298204,19,9,0,0,45:23:D6:EC:1B:20,Unknown,-102,-102.0,0.0,1,0,3.0,
2026-09-23T12:10:04.298204,19,9,0,0,28:07:08:A8:32:C9,Unknown,-103,-103.0,18,2,,3.0,
2026-09-23T12:10:04.298204,19,9,0,0,5D:4E:DE:54:48:4A,Unknown,-104,-104.0,0.0,1,17,3.0,
2026-09-23T12:10:04.298204,19,9,0,0,AC:23:3F:50:46:42,Unknown,-104,-104.0,0.0,1,,3.0,
2026-09-23T12:10:04.298204,19,9,0,0,0C:17:73:E0:99:A1,Unknown,-104,-104.0,0.0,1,,3.0,
2026-09-23T12:10:04.298204,19,9,0,0,FB:0A:03:1D:4A:EF,Unknown,-104,-104.0,0.0,1,,3.0,
2026-09-23T12:10:04.298204,19,9,0,0,AC:23:3F:50:46:D1,Unknown,-106,-106.0,0.0,1,,3.0,
2026-09-23T12:10:04.298204,19,9,0,0,E4:15:F6:61:6F:88,Unknown,-108,-108.0,0.0,1,,3.0,
